,lat,lon
0,37.862606,-121.978372
1,37.86252,-121.97817
2,37.862513,-121.978133
3,37.862478,-121.97806
4,37.862447,-121.978021
5,37.862455,-121.977924
6,37.862416,-121.977774
7,37.86242,-121.97755
8,37.862469,-121.977327
9,37.862556,-121.97712
10,37.862616,-121.976992
11,37.862706,-121.976786
12,37.862817,-121.976605
13,37.862925,-121.976416
14,37.863031,-121.976294
15,37.863193,-121.976165
16,37.863364,-121.976056
17,37.863531,-121.975959
18,37.863582,-121.975922
19,37.863607,-121.975905
20,37.86365,-121.975881
21,37.863821,-121.97579
22,37.863991,-121.9757
23,37.864131,-121.975631
24,37.864186,-121.975599
25,37.864353,-121.975498
26,37.864438,-121.975446
27,37.864617,-121.975393
28,37.864804,-121.975403
29,37.864963,-121.975514
30,37.865144,-121.97558
31,37.865243,-121.975629
32,37.865409,-121.975721
33,37.865572,-121.975821
34,37.865628,-121.975852
35,37.865764,-121.976013
36,37.865913,-121.976125
37,37.866,-121.976217
38,37.866149,-121.976353
39,37.866282,-121.97651
40,37.86641,-121.976684
41,37.866545,-121.976846
42,37.866685,-121.97701
43,37.866776,-121.977222
44,37.866813,-121.977447
45,37.866868,-121.97767
46,37.866924,-121.977904
47,37.866995,-121.978127
48,37.867098,-121.978333
49,37.867236,-121.978494
50,37.867393,-121.978611
51,37.867568,-121.978703
52,37.867749,-121.978766
53,37.867762,-121.978774
54,37.867814,-121.978805
55,37.867991,-121.978881
56,37.868164,-121.978968
57,37.868266,-121.979039
58,37.868426,-121.979153
59,37.868584,-121.979288
60,37.868754,-121.979323
61,37.868937,-121.979311
62,37.869122,-121.97928
63,37.869162,-121.979275
64,37.869344,-121.979271
65,37.869374,-121.979274
66,37.872095,-121.980985
67,37.872106,-121.980997
68,37.872146,-121.981053
69,37.872255,-121.981253
70,37.872352,-121.981466
71,37.872471,-121.981641
72,37.872526,-121.981681
73,37.87267,-121.981839
74,37.872789,-121.981928
75,37.872832,-121.981981
76,37.872954,-121.982156
77,37.873041,-121.982334
78,37.873079,-121.982439
79,37.873151,-121.982655
80,37.873156,-121.982682
81,37.873167,-121.982718
82,37.873182,-121.982888
83,37.873181,-121.98297
84,37.873185,-121.982998
85,37.873303,-121.983127
86,37.873348,-121.983122
87,37.873465,-121.983134
88,37.87364,-121.983148
89,37.873668,-121.983155
90,37.873801,-121.983135
91,37.873967,-121.983221
92,37.874045,-121.98327
93,37.87415,-121.983317
94,37.874328,-121.983363
95,37.874348,-121.98338
96,37.874393,-121.98343
97,37.874511,-121.983617
98,37.874602,-121.983666
99,37.874666,-121.983644
100,37.874839,-121.983661
101,37.875017,-121.983677
102,37.875178,-121.983764
103,37.875362,-121.983834
104,37.875517,-121.983971
105,37.875538,-121.983986
106,37.875577,-121.984008
107,37.875677,-121.984144
108,37.875837,-121.984229
109,37.875931,-121.984295
110,37.876093,-121.984428
111,37.876264,-121.9845
112,37.876368,-121.984478
113,37.876458,-121.984462
114,37.87665,-121.984432
115,37.876808,-121.98432
116,37.876996,-121.984305
117,37.877186,-121.984395
118,37.877362,-121.984504
119,37.877554,-121.984517
120,37.877575,-121.984546
121,37.877602,-121.984608
122,37.877738,-121.984763
123,37.877898,-121.984904
124,37.877919,-121.984954
125,37.87795,-121.985021
126,37.878003,-121.985165
127,37.878103,-121.985294
128,37.878193,-121.98544
129,37.878262,-121.985509
130,37.878363,-121.98562
131,37.878517,-121.985761
132,37.878524,-121.985777
133,37.87862,-121.98598
134,37.878732,-121.986163
135,37.878832,-121.986352
136,37.878898,-121.986579
137,37.878941,-121.9868
138,37.878975,-121.987033
139,37.878973,-121.987264
140,37.879025,-121.987487
141,37.879187,-121.987619
142,37.879325,-121.987765
143,37.879403,-121.98784
144,37.879455,-121.98789
145,37.879592,-121.988041
146,37.879609,-121.988047
147,37.879657,-121.988085
148,37.879742,-121.988287
149,37.879754,-121.988337
150,37.879795,-121.988569
151,37.87979,-121.988814
152,37.879806,-121.989013
153,37.879819,-121.98916
154,37.879876,-121.98931
155,37.879999,-121.98942
156,37.880174,-121.989523
157,37.880362,-121.989599
158,37.880547,-121.989615
159,37.880739,-121.989623
160,37.880815,-121.989625
161,37.880995,-121.989625
162,37.881047,-121.989607
163,37.88115,-121.989596
164,37.881318,-121.989664
165,37.881497,-121.989751
166,37.881528,-121.989769
167,37.88171,-121.989839
168,37.881884,-121.989926
169,37.882037,-121.990058
170,37.882182,-121.990209
171,37.882221,-121.990245
172,37.882282,-121.990275
173,37.882454,-121.990343
174,37.882639,-121.990425
175,37.882797,-121.990537
176,37.882932,-121.990696
177,37.883081,-121.990853
178,37.883254,-121.990915
179,37.883445,-121.990904
180,37.883637,-121.990897
181,37.883808,-121.991003
182,37.883868,-121.991028
183,37.884029,-121.991148
184,37.8842,-121.991244
185,37.884378,-121.991324
186,37.884546,-121.991416
187,37.884718,-121.991487
188,37.884854,-121.991641
189,37.884941,-121.991738
190,37.885033,-121.9918
191,37.885215,-121.991844
192,37.88539,-121.991893
193,37.885397,-121.991912
194,37.885436,-121.992056
195,37.885457,-121.992113
196,37.885529,-121.99215
197,37.8857,-121.99223
198,37.885843,-121.99239
199,37.885894,-121.992432
200,37.886004,-121.992634
201,37.88608,-121.992845
202,37.886089,-121.992876
203,37.886141,-121.992992
204,37.886199,-121.993122
205,37.886203,-121.993248
206,37.886192,-121.993389
207,37.886146,-121.993605
208,37.886127,-121.993656
209,37.886112,-121.993748
210,37.886209,-121.99394
211,37.886225,-121.993979
212,37.886301,-121.994091
213,37.886436,-121.994251
214,37.886587,-121.994403
215,37.88659,-121.994419
216,37.88662,-121.99449
217,37.886757,-121.994661
218,37.886775,-121.994691
219,37.886854,-121.994765
220,37.886997,-121.99492
221,37.887119,-121.995092
222,37.887301,-121.995108
223,37.887487,-121.995087
224,37.887659,-121.995191
225,37.887817,-121.995317
226,37.88799,-121.995392
227,37.888156,-121.995517
228,37.888254,-121.99572
229,37.888274,-121.995812
230,37.888246,-121.996038
231,37.888232,-121.996072
232,37.888155,-121.996296
233,37.888116,-121.996441
234,37.888256,-121.996472
235,37.88834,-121.996272
236,37.888358,-121.996249
237,37.888453,-121.996057
238,37.888503,-121.995832
239,37.888487,-121.995607
240,37.888477,-121.995367
241,37.888478,-121.995305
242,37.888585,-121.995255
243,37.888642,-121.995346
244,37.888747,-121.99554
245,37.88882,-121.99575
246,37.888869,-121.995975
247,37.888932,-121.996201
248,37.889042,-121.996357
249,37.889102,-121.996446
250,37.889155,-121.996504
251,37.889161,-121.99652
252,37.889193,-121.996574
253,37.889313,-121.996756
254,37.889329,-121.996921
255,37.889297,-121.996991
256,37.88916,-121.997146
257,37.889078,-121.997346
258,37.889025,-121.997577
259,37.888964,-121.997801
260,37.888929,-121.998038
261,37.888882,-121.998262
262,37.888801,-121.998475
263,37.88879,-121.998601
264,37.888728,-121.998816
265,37.88871,-121.998887
266,37.888619,-121.999097
267,37.888552,-121.999314
268,37.888527,-121.99954
269,37.888511,-121.999772
270,37.888517,-122.0
271,37.888537,-122.000234
272,37.888695,-122.000342
273,37.888874,-122.000385
274,37.888976,-122.000368
275,37.889099,-122.000309
276,37.889169,-122.000282
277,37.889207,-122.000265
278,37.889391,-122.000247
279,37.889583,-122.000231
280,37.889691,-122.000214
281,37.889747,-122.000195
282,37.889929,-122.000203
283,37.890112,-122.000166
284,37.890192,-122.000114
285,37.890343,-121.999974
286,37.890511,-121.999866
287,37.890644,-121.999749
288,37.890681,-121.99971
289,37.890827,-121.999581
290,37.890834,-121.99955
291,37.890851,-121.999477
292,37.890902,-121.99939
293,37.890998,-121.999208
294,37.891149,-121.99906
295,37.891331,-121.998983
296,37.89151,-121.998982
297,37.891574,-121.998999
298,37.891712,-121.99905
299,37.891719,-121.999056
300,37.891767,-121.999077
301,37.891901,-121.999245
302,37.891941,-121.999263
303,37.892125,-121.999217
304,37.89215,-121.99923
305,37.892158,-121.999293
306,37.892175,-121.999426
307,37.892181,-121.999487
308,37.892195,-121.999625
309,37.892309,-121.999585
310,37.892488,-121.999496
311,37.892655,-121.999427
312,37.892826,-121.999347
313,37.892895,-121.999301
314,37.892994,-121.999287
315,37.893049,-121.999286
316,37.893237,-121.999313
317,37.893424,-121.999328
318,37.893602,-121.999373
319,37.89378,-121.999442
320,37.893955,-121.999506
321,37.893977,-121.999525
322,37.894039,-121.999555
323,37.894084,-121.999561
324,37.894265,-121.999506
325,37.894449,-121.999504
326,37.89464,-121.999509
327,37.894772,-121.999572
328,37.894838,-121.999635
329,37.894891,-121.999775
330,37.894821,-121.99991
331,37.894772,-121.999949
332,37.894718,-122.000005
333,37.894552,-122.000097
334,37.894368,-122.000142
335,37.894189,-122.000183
336,37.894118,-122.000168
337,37.894044,-122.000144
338,37.893865,-122.00012
339,37.893684,-122.000059
340,37.893498,-122.000067
341,37.893344,-122.000154
342,37.893339,-122.000309
343,37.893361,-122.000425
344,37.893409,-122.000647
345,37.893413,-122.000876
346,37.893369,-122.000948
347,37.893206,-122.001055
348,37.893032,-122.001115
349,37.892864,-122.001148
350,37.892811,-122.001132
351,37.89276,-122.001118
352,37.892712,-122.001202
353,37.892645,-122.001414
354,37.892597,-122.001641
355,37.892514,-122.001823
356,37.892431,-122.001908
357,37.892255,-122.001986
358,37.89218,-122.00203
359,37.89214,-122.002069
360,37.892064,-122.002169
361,37.892047,-122.002281
362,37.891986,-122.002506
363,37.891941,-122.00274
364,37.891908,-122.002963
365,37.891929,-122.003106
366,37.891932,-122.003134
367,37.891862,-122.003179
368,37.891797,-122.003174
369,37.89162,-122.003157
370,37.891438,-122.003113
371,37.891414,-122.003096
372,37.891282,-122.00293
373,37.891133,-122.002838
374,37.890946,-122.002819
375,37.890759,-122.00283
376,37.890585,-122.002781
377,37.890499,-122.002789
378,37.890473,-122.002795
379,37.890284,-122.002834
380,37.890107,-122.002908
381,37.88995,-122.003021
382,37.889935,-122.003051
383,37.889928,-122.00315
384,37.889737,-122.003122
385,37.889553,-122.003087
386,37.889367,-122.003047
387,37.889183,-122.003048
388,37.88899,-122.003062
389,37.888889,-122.003097
390,37.888771,-122.003161
391,37.888614,-122.003217
392,37.88854,-122.00322
393,37.888352,-122.003233
394,37.888165,-122.003254
395,37.888037,-122.003256
396,37.887999,-122.003266
397,37.88798,-122.003274
398,37.887892,-122.003321
399,37.887815,-122.003347
400,37.887636,-122.003418
401,37.887461,-122.003503
402,37.887278,-122.003487
403,37.887245,-122.003455
404,37.887129,-122.003273
405,37.887117,-122.003221
406,37.886984,-122.003051
407,37.886864,-122.00292
408,37.886715,-122.002775
409,37.886557,-122.00264
410,37.886437,-122.002528
411,37.886282,-122.002392
412,37.886139,-122.002239
413,37.885999,-122.002076
414,37.885862,-122.001927
415,37.885724,-122.001757
416,37.885653,-122.00166
417,37.885548,-122.001473
418,37.885444,-122.001281
419,37.885351,-122.001074
420,37.885269,-122.000861
421,37.885196,-122.000649
422,37.88513,-122.000426
423,37.885094,-122.000261
424,37.884976,-122.000074
425,37.884838,-121.999909
426,37.884702,-121.999734
427,37.884576,-121.999553
428,37.884464,-121.999366
429,37.884349,-121.999181
430,37.884223,-121.998995
431,37.88411,-121.998814
432,37.884013,-121.998613
433,37.883928,-121.998395
434,37.883852,-121.998174
435,37.883788,-121.997962
436,37.883721,-121.997739
437,37.883622,-121.997531
438,37.883503,-121.997358
439,37.883343,-121.997243
440,37.883183,-121.997143
441,37.883062,-121.996967
442,37.882992,-121.996757
443,37.882962,-121.996661
444,37.882928,-121.996525
445,37.882919,-121.996512
446,37.882891,-121.996419
447,37.882772,-121.996235
448,37.882591,-121.99616
449,37.882505,-121.996141
450,37.882324,-121.996112
451,37.882138,-121.996125
452,37.881952,-121.99613
453,37.881764,-121.99615
454,37.881603,-121.996267
455,37.881476,-121.996431
456,37.881332,-121.996565
457,37.881181,-121.99669
458,37.881075,-121.996885
459,37.881005,-121.997029
460,37.88088,-121.997198
461,37.88076,-121.997373
462,37.880624,-121.99754
463,37.880451,-121.997636
464,37.880275,-121.997682
465,37.880091,-121.99767
466,37.87991,-121.997604
467,37.879737,-121.997498
468,37.879576,-121.997373
469,37.879427,-121.997241
470,37.879272,-121.997115
471,37.879125,-121.996976
472,37.879007,-121.996787
473,37.878874,-121.996606
474,37.878745,-121.996438
475,37.878602,-121.996297
476,37.878475,-121.99611
477,37.878374,-121.995921
478,37.878265,-121.995737
479,37.878196,-121.995525
480,37.878166,-121.995456
481,37.878148,-121.995388
482,37.878064,-121.995168
483,37.877979,-121.994962
484,37.877882,-121.994754
485,37.877766,-121.994565
486,37.877634,-121.99439
487,37.877522,-121.994292
488,37.877482,-121.994248
489,37.877358,-121.994069
490,37.877285,-121.993854
491,37.877275,-121.993822
492,37.877178,-121.993634
493,37.877023,-121.993494
494,37.876884,-121.993348
495,37.876741,-121.993206
496,37.876591,-121.993067
497,37.876487,-121.992873
498,37.876408,-121.992669
499,37.876395,-121.9926
500,37.876338,-121.992477
501,37.876243,-121.992272
502,37.87622,-121.992182
503,37.876123,-121.991978
504,37.876115,-121.991963
505,37.87599,-121.991793
506,37.875876,-121.991601
507,37.875777,-121.991402
508,37.875695,-121.991196
509,37.875621,-121.991094
510,37.875601,-121.991079
511,37.875523,-121.991004
512,37.875366,-121.990894
513,37.875176,-121.990849
514,37.874993,-121.990827
515,37.8748,-121.990807
516,37.874617,-121.990756
517,37.874497,-121.99059
518,37.87448,-121.990546
519,37.874378,-121.990354
520,37.874254,-121.990177
521,37.874106,-121.990041
522,37.873937,-121.989927
523,37.873757,-121.989905
524,37.873585,-121.98999
525,37.873409,-121.990077
526,37.873231,-121.990124
527,37.873041,-121.990134
528,37.872852,-121.990095
529,37.872691,-121.989968
530,37.872547,-121.989824
531,37.872389,-121.989688
532,37.872243,-121.989534
533,37.872104,-121.989365
534,37.872047,-121.989263
535,37.871946,-121.989073
536,37.871843,-121.98887
537,37.871754,-121.98867
538,37.871648,-121.988469
539,37.87158,-121.988337
540,37.871489,-121.988136
541,37.871404,-121.987945
542,37.871273,-121.987795
543,37.871165,-121.987686
544,37.871006,-121.98755
545,37.870862,-121.987412
546,37.870733,-121.987242
547,37.870601,-121.987071
548,37.870457,-121.986932
549,37.870288,-121.986833
550,37.870128,-121.9867
551,37.87,-121.986538
552,37.8699,-121.986383
553,37.86984,-121.986327
554,37.869671,-121.986224
555,37.86951,-121.986116
556,37.869364,-121.985965
557,37.869299,-121.985741
558,37.869269,-121.985506
559,37.869235,-121.985274
560,37.8692,-121.985036
561,37.869192,-121.984803
562,37.86917,-121.984571
563,37.869163,-121.984341
564,37.86915,-121.984096
565,37.869136,-121.983866
566,37.869124,-121.983626
567,37.869099,-121.983401
568,37.869052,-121.983166
569,37.869032,-121.982929
570,37.869006,-121.982701
571,37.868992,-121.982459
572,37.86896,-121.982223
573,37.868924,-121.981998
574,37.868895,-121.98177
575,37.868856,-121.981541
576,37.868865,-121.98131
577,37.868853,-121.981076
578,37.868852,-121.980841
579,37.868897,-121.980614
580,37.868905,-121.980376
581,37.868904,-121.98014
582,37.86889,-121.979904
583,37.86883,-121.979679
584,37.868727,-121.979469
585,37.868639,-121.979349
586,37.868474,-121.979228
587,37.868323,-121.979103
588,37.868174,-121.978969
589,37.867997,-121.978878
590,37.867821,-121.978803
591,37.867647,-121.978731
592,37.867475,-121.978645
593,37.867309,-121.978539
594,37.867163,-121.978393
595,37.867057,-121.978192
596,37.866982,-121.977985
597,37.866919,-121.97776
598,37.866855,-121.977544
599,37.866806,-121.977322
600,37.866738,-121.977107
601,37.866686,-121.976999
602,37.866554,-121.976843
603,37.866421,-121.976681
604,37.866297,-121.976512
605,37.866188,-121.976407
606,37.86612,-121.97635
607,37.866099,-121.976333
608,37.865949,-121.976187
609,37.865812,-121.976014
610,37.865673,-121.975871
611,37.865495,-121.975777
612,37.865457,-121.97575
613,37.865384,-121.975687
614,37.865218,-121.975578
615,37.865051,-121.975465
616,37.864878,-121.97538
617,37.864699,-121.975355
618,37.864522,-121.975428
619,37.864351,-121.975506
620,37.864178,-121.975591
621,37.864017,-121.975705
622,37.863848,-121.975809
623,37.863682,-121.97591
624,37.863503,-121.975992
625,37.863342,-121.976092
626,37.863186,-121.976209
627,37.863093,-121.976281
628,37.862943,-121.976431
629,37.862807,-121.976586
630,37.862698,-121.976773
631,37.862598,-121.976965
632,37.862512,-121.977178
633,37.862476,-121.97728
634,37.86241,-121.9775
635,37.862414,-121.97774
636,37.862469,-121.977971
637,37.862543,-121.978189
638,37.862628,-121.978394
639,37.862639,-121.978427
640,37.812898,-121.922209
641,37.812885,-121.922225
642,37.812842,-121.922263
643,37.812819,-121.922272
644,37.812758,-121.922205
645,37.812594,-121.9222
646,37.81249,-121.922003
647,37.812417,-121.921788
648,37.812347,-121.92146
649,37.812329,-121.921451
650,37.812274,-121.921236
651,37.81227,-121.921148
652,37.812235,-121.920908
653,37.812209,-121.920845
654,37.812143,-121.920689
655,37.812138,-121.920671
656,37.812124,-121.920546
657,37.812093,-121.920308
658,37.812058,-121.920122
659,37.81204,-121.920036
660,37.812004,-121.919894
661,37.811992,-121.919781
662,37.811949,-121.919661
663,37.811948,-121.919641
664,37.812016,-121.919556
665,37.812207,-121.919543
666,37.812386,-121.919466
667,37.812577,-121.919429
668,37.812762,-121.919416
669,37.812945,-121.919396
670,37.813104,-121.919404
671,37.813186,-121.919411
672,37.813283,-121.919419
673,37.813347,-121.919422
674,37.813359,-121.919421
675,37.813542,-121.919433
676,37.813728,-121.919438
677,37.813916,-121.919444
678,37.814103,-121.919418
679,37.814299,-121.919409
680,37.814488,-121.919416
681,37.81468,-121.919435
682,37.814872,-121.919436
683,37.815055,-121.919426
684,37.815243,-121.919426
685,37.815435,-121.919395
686,37.815611,-121.919349
687,37.815791,-121.919281
688,37.815982,-121.919233
689,37.816159,-121.919166
690,37.81633,-121.919088
691,37.816512,-121.919004
692,37.816688,-121.918928
693,37.816862,-121.918863
694,37.817026,-121.918761
695,37.817192,-121.918651
696,37.817318,-121.918537
697,37.817429,-121.918436
698,37.817559,-121.918268
699,37.817678,-121.918113
700,37.81772,-121.918064
701,37.81785,-121.917892
702,37.817984,-121.917728
703,37.818004,-121.917696
704,37.818061,-121.917611
705,37.818186,-121.917433
706,37.8183,-121.917251
707,37.818413,-121.917105
708,37.818534,-121.916933
709,37.81864,-121.916748
710,37.818749,-121.916582
711,37.818929,-121.916658
712,37.819105,-121.916734
713,37.819281,-121.916808
714,37.819338,-121.916825
715,37.819397,-121.916842
716,37.819578,-121.916918
717,37.819744,-121.917039
718,37.819889,-121.917153
719,37.819961,-121.917193
720,37.820087,-121.917362
721,37.820213,-121.917528
722,37.82034,-121.917703
723,37.820457,-121.91789
724,37.820487,-121.917946
725,37.820531,-121.91805
726,37.820624,-121.918262
727,37.820737,-121.91842
728,37.820799,-121.918477
729,37.820961,-121.918613
730,37.820994,-121.918642
731,37.821156,-121.918701
732,37.821338,-121.918743
733,37.821533,-121.918755
734,37.821716,-121.918711
735,37.821893,-121.918627
736,37.821957,-121.918593
737,37.822141,-121.918549
738,37.822326,-121.918527
739,37.822368,-121.91852
740,37.822547,-121.918458
741,37.82272,-121.918388
742,37.822903,-121.918329
743,37.823084,-121.91828
744,37.823262,-121.918233
745,37.823451,-121.918186
746,37.82364,-121.918121
747,37.823825,-121.918042
748,37.824009,-121.917988
749,37.824178,-121.917957
750,37.824366,-121.91792
751,37.824554,-121.917892
752,37.824746,-121.917867
753,37.824926,-121.917838
754,37.825111,-121.917859
755,37.825198,-121.917879
756,37.825383,-121.917914
757,37.825569,-121.917969
758,37.825746,-121.918018
759,37.825934,-121.918068
760,37.826114,-121.918124
761,37.826307,-121.918115
762,37.826496,-121.918103
763,37.826694,-121.918086
764,37.826724,-121.918077
765,37.826842,-121.918037
766,37.82702,-121.917982
767,37.827108,-121.91792
768,37.82719,-121.917863
769,37.827349,-121.917739
770,37.827421,-121.917688
771,37.827552,-121.917534
772,37.827692,-121.917393
773,37.827827,-121.917252
774,37.827878,-121.917236
775,37.827964,-121.917449
776,37.827972,-121.917461
777,37.828091,-121.917631
778,37.828162,-121.917702
779,37.828321,-121.917805
780,37.828513,-121.917802
781,37.82869,-121.917756
782,37.828866,-121.917701
783,37.829055,-121.917695
784,37.829246,-121.917739
785,37.829433,-121.917725
786,37.829618,-121.917677
787,37.829799,-121.917601
788,37.829961,-121.917462
789,37.830105,-121.917316
790,37.830257,-121.917152
791,37.830403,-121.917012
792,37.830525,-121.916955
793,37.830566,-121.916965
794,37.830761,-121.916949
795,37.830943,-121.91698
796,37.831125,-121.916995
797,37.831159,-121.917002
798,37.831334,-121.916963
799,37.831485,-121.916837
800,37.831612,-121.916661
801,37.831743,-121.916491
802,37.831914,-121.916455
803,37.83209,-121.916514
804,37.832268,-121.916587
805,37.832456,-121.916628
806,37.832642,-121.916647
807,37.83283,-121.916698
808,37.833008,-121.916746
809,37.833196,-121.916769
810,37.833385,-121.916739
811,37.833571,-121.91672
812,37.833764,-121.916721
813,37.833945,-121.916697
814,37.834101,-121.916624
815,37.834279,-121.916557
816,37.834318,-121.916544
817,37.834497,-121.916496
818,37.83463,-121.91648
819,37.834818,-121.916481
820,37.834901,-121.916511
821,37.835066,-121.916622
822,37.835098,-121.916637
823,37.835194,-121.916729
824,37.835319,-121.91689
825,37.83546,-121.916923
826,37.835509,-121.916889
827,37.83569,-121.916849
828,37.835823,-121.91685
829,37.835961,-121.916965
830,37.836021,-121.917187
831,37.836065,-121.917275
832,37.836202,-121.917433
833,37.836218,-121.91745
834,37.836374,-121.917576
835,37.836513,-121.917739
836,37.836587,-121.917845
837,37.836631,-121.917947
838,37.836658,-121.918028
839,37.836722,-121.918154
840,37.836876,-121.918259
841,37.837007,-121.918312
842,37.837194,-121.918329
843,37.837384,-121.918352
844,37.837562,-121.918395
845,37.83774,-121.91847
846,37.837913,-121.918533
847,37.837998,-121.918673
848,37.838122,-121.918856
849,37.838132,-121.918863
850,37.838189,-121.918914
851,37.838257,-121.919015
852,37.838307,-121.919049
853,37.838373,-121.919112
854,37.838526,-121.919216
855,37.838548,-121.919234
856,37.838562,-121.919236
857,37.838747,-121.919296
858,37.838928,-121.919317
859,37.839029,-121.919304
860,37.839143,-121.919318
861,37.83918,-121.919307
862,37.83935,-121.919244
863,37.839485,-121.919209
864,37.839531,-121.919175
865,37.839694,-121.919082
866,37.839774,-121.919078
867,37.839884,-121.919017
868,37.839959,-121.919003
869,37.840135,-121.919081
870,37.840319,-121.919032
871,37.840508,-121.919016
872,37.840699,-121.919028
873,37.840849,-121.919036
874,37.840947,-121.919054
875,37.841079,-121.918885
876,37.841117,-121.918663
877,37.841137,-121.918428
878,37.841122,-121.918194
879,37.841177,-121.917958
880,37.841251,-121.917743
881,37.841312,-121.917585
882,37.841416,-121.917389
883,37.841554,-121.917243
884,37.841722,-121.917148
885,37.841864,-121.916979
886,37.841967,-121.916839
887,37.841958,-121.9168
888,37.841963,-121.916567
889,37.841949,-121.916498
890,37.841958,-121.916274
891,37.841974,-121.91608
892,37.84198,-121.915903
893,37.841999,-121.915732
894,37.842008,-121.915503
895,37.842007,-121.915474
896,37.842067,-121.915247
897,37.842123,-121.915022
898,37.842113,-121.914926
899,37.84212,-121.914808
900,37.842128,-121.914662
901,37.842077,-121.914426
902,37.842052,-121.914328
903,37.842064,-121.914093
904,37.842126,-121.914013
905,37.842153,-121.913952
906,37.842182,-121.913844
907,37.842185,-121.913778
908,37.842191,-121.913673
909,37.842204,-121.913636
910,37.842294,-121.913439
911,37.842309,-121.913197
912,37.842326,-121.912962
913,37.842247,-121.912753
914,37.842197,-121.912614
915,37.842251,-121.91239
916,37.84227,-121.912312
917,37.842261,-121.91222
918,37.842272,-121.912212
919,37.842245,-121.912178
920,37.842155,-121.911991
921,37.842136,-121.912084
922,37.842297,-121.912206
923,37.8423,-121.912216
924,37.842352,-121.912296
925,37.842408,-121.91252
926,37.842511,-121.912721
927,37.842608,-121.912917
928,37.842759,-121.912913
929,37.842791,-121.91287
930,37.842848,-121.912645
931,37.842862,-121.912613
932,37.842897,-121.912497
933,37.842888,-121.912376
934,37.842856,-121.912225
935,37.842852,-121.912163
936,37.842881,-121.911941
937,37.842985,-121.911747
938,37.843048,-121.911525
939,37.843152,-121.911454
940,37.843202,-121.91142
941,37.843298,-121.911431
942,37.843481,-121.911406
943,37.843521,-121.911401
944,37.843602,-121.911368
945,37.843618,-121.911354
946,37.84368,-121.911323
947,37.843858,-121.911246
948,37.844045,-121.911175
949,37.844212,-121.911086
950,37.844238,-121.910956
951,37.844152,-121.910888
952,37.844021,-121.910844
953,37.843913,-121.910775
954,37.843809,-121.910581
955,37.843773,-121.910356
956,37.843842,-121.910139
957,37.843991,-121.910006
958,37.844157,-121.909892
959,37.844211,-121.909865
960,37.844349,-121.90997
961,37.844291,-121.910196
962,37.844361,-121.910405
963,37.844513,-121.910549
964,37.844676,-121.910666
965,37.84484,-121.910781
966,37.844996,-121.910904
967,37.845156,-121.911026
968,37.845295,-121.91117
969,37.845297,-121.911179
970,37.845307,-121.91123
971,37.845441,-121.911387
972,37.845531,-121.911444
973,37.845572,-121.911481
974,37.845688,-121.91167
975,37.845674,-121.91176
976,37.84562,-121.911813
977,37.845576,-121.9118
978,37.845463,-121.911751
979,37.845286,-121.911708
980,37.845096,-121.9117
981,37.844909,-121.911672
982,37.844735,-121.911614
983,37.844559,-121.911575
984,37.844395,-121.911686
985,37.844302,-121.91189
986,37.844297,-121.912131
987,37.844406,-121.912322
988,37.844561,-121.912444
989,37.844702,-121.912597
990,37.844777,-121.912821
991,37.844799,-121.912871
992,37.844858,-121.912969
993,37.845015,-121.913083
994,37.845196,-121.913154
995,37.845359,-121.913262
996,37.84548,-121.913392
997,37.845647,-121.913487
998,37.845835,-121.913512
999,37.846006,-121.913442
1000,37.846144,-121.913292
1001,37.84632,-121.913226
1002,37.846455,-121.913147
1003,37.846333,-121.91317
1004,37.846212,-121.913199
1005,37.846044,-121.913307
1006,37.845976,-121.913416
1007,37.845803,-121.913491
1008,37.845676,-121.913514
1009,37.844865,-121.911725
1010,37.844879,-121.911705
1011,37.844896,-121.9117
1012,37.845086,-121.911726
1013,37.845268,-121.911724
1014,37.845442,-121.911773
1015,37.845586,-121.911837
1016,37.845687,-121.911759
1017,37.845617,-121.91156
1018,37.845492,-121.911389
1019,37.845432,-121.911311
1020,37.845439,-121.911305
1021,37.845319,-121.911124
1022,37.845166,-121.91099
1023,37.845084,-121.910926
1024,37.844924,-121.910812
1025,37.844767,-121.910683
1026,37.84461,-121.910567
1027,37.844455,-121.910431
1028,37.844362,-121.91033
1029,37.844336,-121.910178
1030,37.844353,-121.909935
1031,37.844339,-121.909883
1032,37.844297,-121.909842
1033,37.844121,-121.909874
1034,37.843967,-121.91
1035,37.843819,-121.910154
1036,37.843755,-121.91037
1037,37.843791,-121.910599
1038,37.843887,-121.910741
1039,37.844053,-121.910836
1040,37.844143,-121.910859
1041,37.844214,-121.910928
1042,37.844215,-121.910951
1043,37.844187,-121.911007
1044,37.844016,-121.911086
1045,37.843993,-121.911086
1046,37.843945,-121.911109
1047,37.843874,-121.911119
1048,37.843706,-121.911236
1049,37.84368,-121.911241
1050,37.8435,-121.911313
1051,37.843325,-121.911368
1052,37.8433,-121.911383
1053,37.843173,-121.91141
1054,37.843034,-121.911522
1055,37.843011,-121.911684
1056,37.842976,-121.911808
1057,37.842867,-121.911946
1058,37.842846,-121.911983
1059,37.84284,-121.912152
1060,37.842859,-121.912259
1061,37.842876,-121.912493
1062,37.842841,-121.912547
1063,37.842814,-121.91262
1064,37.842786,-121.912696
1065,37.842753,-121.912849
1066,37.842725,-121.912958
1067,37.842602,-121.912915
1068,37.842503,-121.912715
1069,37.842419,-121.912513
1070,37.842344,-121.912298
1071,37.842278,-121.912198
1072,37.842257,-121.91225
1073,37.842211,-121.912466
1074,37.8422,-121.912506
1075,37.842198,-121.912727
1076,37.842294,-121.912874
1077,37.842291,-121.913107
1078,37.842277,-121.913261
1079,37.842267,-121.913342
1080,37.84223,-121.913452
1081,37.842221,-121.913479
1082,37.842184,-121.913572
1083,37.842146,-121.913687
1084,37.842142,-121.913746
1085,37.842138,-121.913815
1086,37.842121,-121.913901
1087,37.842109,-121.913939
1088,37.842043,-121.914064
1089,37.84206,-121.914303
1090,37.842105,-121.914525
1091,37.842082,-121.914591
1092,37.842068,-121.914822
1093,37.842063,-121.914845
1094,37.842023,-121.915062
1095,37.842013,-121.915291
1096,37.842014,-121.91537
1097,37.842007,-121.915602
1098,37.841951,-121.915777
1099,37.841948,-121.915901
1100,37.841913,-121.916125
1101,37.841905,-121.916307
1102,37.841902,-121.916406
1103,37.841872,-121.916488
1104,37.841873,-121.916689
1105,37.841861,-121.916719
1106,37.841887,-121.916767
1107,37.841844,-121.916909
1108,37.841687,-121.917044
1109,37.841526,-121.917143
1110,37.841396,-121.917325
1111,37.841281,-121.917527
1112,37.841211,-121.917745
1113,37.841154,-121.917961
1114,37.841117,-121.91819
1115,37.841115,-121.918205
1116,37.841092,-121.918468
1117,37.841069,-121.918699
1118,37.841021,-121.918917
1119,37.840852,-121.919021
1120,37.840813,-121.919032
1121,37.840757,-121.919013
1122,37.840627,-121.919014
1123,37.840576,-121.919024
1124,37.840568,-121.919038
1125,37.840413,-121.919022
1126,37.840302,-121.91902
1127,37.840224,-121.919032
1128,37.840177,-121.919043
1129,37.83999,-121.919012
1130,37.839945,-121.919008
1131,37.839902,-121.919016
1132,37.83985,-121.919026
1133,37.839791,-121.919069
1134,37.839668,-121.919103
1135,37.839606,-121.919097
1136,37.83953,-121.919155
1137,37.83941,-121.919178
1138,37.839293,-121.919211
1139,37.839114,-121.919276
1140,37.838961,-121.91927
1141,37.838845,-121.919248
1142,37.838832,-121.919248
1143,37.838744,-121.919278
1144,37.83857,-121.919198
1145,37.838453,-121.919128
1146,37.838416,-121.919079
1147,37.838263,-121.918932
1148,37.838157,-121.918806
1149,37.838027,-121.918651
1150,37.837899,-121.918474
1151,37.837716,-121.918446
1152,37.837639,-121.918475
1153,37.837469,-121.918373
1154,37.83729,-121.91831
1155,37.837109,-121.918298
1156,37.836926,-121.918257
1157,37.836915,-121.918257
1158,37.836865,-121.918227
1159,37.83671,-121.918108
1160,37.836696,-121.918075
1161,37.836677,-121.91804
1162,37.836617,-121.917859
1163,37.836498,-121.917663
1164,37.836478,-121.917638
1165,37.836338,-121.91748
1166,37.836187,-121.917338
1167,37.836051,-121.917169
1168,37.836031,-121.917134
1169,37.835938,-121.916935
1170,37.835927,-121.916909
1171,37.835879,-121.916869
1172,37.835825,-121.916843
1173,37.835642,-121.916811
1174,37.835495,-121.916864
1175,37.835363,-121.916848
1176,37.835237,-121.916698
1177,37.835089,-121.916546
1178,37.835047,-121.9165
1179,37.83488,-121.916396
1180,37.834687,-121.916387
1181,37.834505,-121.916412
1182,37.834318,-121.916419
1183,37.834228,-121.916447
1184,37.834056,-121.916526
1185,37.833907,-121.916611
1186,37.833716,-121.916632
1187,37.833551,-121.916639
1188,37.833408,-121.916651
1189,37.833227,-121.916664
1190,37.83311,-121.916694
1191,37.832924,-121.916697
1192,37.83286,-121.916686
1193,37.832674,-121.916651
1194,37.832549,-121.916624
1195,37.83242,-121.916593
1196,37.832251,-121.916511
1197,37.832075,-121.916427
1198,37.831899,-121.916347
1199,37.831856,-121.916331
1200,37.831787,-121.916332
1201,37.831678,-121.916519
1202,37.831554,-121.916698
1203,37.831408,-121.91684
1204,37.831231,-121.916842
1205,37.831119,-121.916839
1206,37.830985,-121.91682
1207,37.830798,-121.916812
1208,37.830613,-121.916775
1209,37.83052,-121.9168
1210,37.830424,-121.916821
1211,37.830337,-121.916882
1212,37.830214,-121.916963
1213,37.830104,-121.917158
1214,37.830044,-121.917236
1215,37.829899,-121.917376
1216,37.829729,-121.917493
1217,37.829691,-121.917522
1218,37.829599,-121.917561
1219,37.829512,-121.917585
1220,37.829486,-121.917582
1221,37.829431,-121.917576
1222,37.829382,-121.917572
1223,37.829244,-121.917556
1224,37.829058,-121.917539
1225,37.828885,-121.917522
1226,37.828832,-121.917547
1227,37.828652,-121.917552
1228,37.828594,-121.91758
1229,37.828492,-121.917645
1230,37.828411,-121.917642
1231,37.828266,-121.917566
1232,37.828122,-121.917397
1233,37.828041,-121.917277
1234,37.827976,-121.917203
1235,37.827856,-121.917022
1236,37.82773,-121.916846
1237,37.827713,-121.916829
1238,37.827724,-121.917052
1239,37.82763,-121.917238
1240,37.827506,-121.917385
1241,37.827357,-121.917481
1242,37.82731,-121.917552
1243,37.827146,-121.917648
1244,37.826965,-121.917745
1245,37.826782,-121.9178
1246,37.826605,-121.917866
1247,37.826552,-121.917888
1248,37.826494,-121.917899
1249,37.82634,-121.917917
1250,37.826264,-121.917916
1251,37.826106,-121.917939
1252,37.826061,-121.917924
1253,37.82604,-121.917921
1254,37.825888,-121.9179
1255,37.825878,-121.917903
1256,37.82347,-121.917904
1257,37.823361,-121.917952
1258,37.823182,-121.918031
1259,37.823021,-121.918123
1260,37.822952,-121.918151
1261,37.822777,-121.918229
1262,37.822601,-121.918276
1263,37.822416,-121.91828
1264,37.822244,-121.918351
1265,37.822132,-121.918383
1266,37.82196,-121.918464
1267,37.821947,-121.91847
1268,37.821815,-121.918478
1269,37.821704,-121.918543
1270,37.821523,-121.91857
1271,37.821359,-121.918586
1272,37.821316,-121.918579
1273,37.821233,-121.918566
1274,37.821143,-121.918531
1275,37.820978,-121.918422
1276,37.820828,-121.918271
1277,37.820711,-121.918089
1278,37.820678,-121.918066
1279,37.820617,-121.918038
1280,37.820526,-121.91799
1281,37.820511,-121.91799
1282,37.820405,-121.9178
1283,37.820291,-121.917614
1284,37.820158,-121.917437
1285,37.820017,-121.917272
1286,37.819968,-121.917238
1287,37.819926,-121.917228
1288,37.819764,-121.917165
1289,37.819756,-121.917168
1290,37.819672,-121.917078
1291,37.819699,-121.917116
1292,37.819715,-121.917128
1293,37.815896,-121.919173
1294,37.815784,-121.919207
1295,37.815597,-121.91925
1296,37.815506,-121.919288
1297,37.815421,-121.919302
1298,37.815227,-121.919318
1299,37.81504,-121.919326
1300,37.814854,-121.919358
1301,37.814669,-121.919349
1302,37.814624,-121.919355
1303,37.814511,-121.919349
1304,37.814378,-121.919358
1305,37.814184,-121.919369
1306,37.814,-121.919372
1307,37.81381,-121.919346
1308,37.813621,-121.919323
1309,37.813432,-121.919338
1310,37.813251,-121.919337
1311,37.813063,-121.91936
1312,37.812952,-121.91936
1313,37.812834,-121.919343
1314,37.812641,-121.919375
1315,37.812625,-121.919378
1316,37.812532,-121.919384
1317,37.812347,-121.919422
1318,37.812303,-121.919427
1319,37.812123,-121.91948
1320,37.811985,-121.919614
1321,37.81198,-121.919624
1322,37.811932,-121.919649
1323,37.811877,-121.919707
1324,37.811865,-121.919776
1325,37.8119,-121.919999
1326,37.811901,-121.920135
1327,37.811932,-121.920284
1328,37.811978,-121.920511
1329,37.811977,-121.920529
1330,37.811916,-121.920737
1331,37.811772,-121.920872
1332,37.81177,-121.920891
1333,37.811777,-121.921078
1334,37.811809,-121.921097
1335,37.811801,-121.921189
1336,37.811887,-121.921277
1337,37.811956,-121.921192
1338,37.811973,-121.921165
1339,37.812005,-121.921115
1340,37.812139,-121.921106
1341,37.812172,-121.921154
1342,37.812286,-121.921343
1343,37.812372,-121.92157
1344,37.812437,-121.921782
1345,37.812506,-121.921965
1346,37.81258,-121.921975
1347,37.81269,-121.922051
1348,37.852021,-121.925144
1349,37.85197,-121.924913
1350,37.851949,-121.924817
1351,37.851887,-121.924596
1352,37.851839,-121.924369
1353,37.85174,-121.924167
1354,37.851644,-121.923972
1355,37.851593,-121.923749
1356,37.851593,-121.923542
1357,37.851745,-121.923409
1358,37.851893,-121.923266
1359,37.852048,-121.92313
1360,37.852061,-121.923098
1361,37.852088,-121.923001
1362,37.85216,-121.922775
1363,37.852162,-121.922755
1364,37.852246,-121.922541
1365,37.852323,-121.922331
1366,37.852311,-121.922142
1367,37.852216,-121.921941
1368,37.852222,-121.921906
1369,37.852258,-121.921702
1370,37.852322,-121.921605
1371,37.852414,-121.921395
1372,37.852488,-121.921175
1373,37.852535,-121.920949
1374,37.852535,-121.92093
1375,37.85252,-121.920697
1376,37.852594,-121.920476
1377,37.852616,-121.920249
1378,37.852544,-121.920045
1379,37.852422,-121.919863
1380,37.852304,-121.919671
1381,37.852208,-121.919559
1382,37.852028,-121.919499
1383,37.851978,-121.919483
1384,37.85184,-121.91934
1385,37.851832,-121.919308
1386,37.851749,-121.919103
1387,37.851652,-121.918896
1388,37.851641,-121.918826
1389,37.851625,-121.918757
1390,37.851629,-121.91865
1391,37.851679,-121.918433
1392,37.851688,-121.918402
1393,37.851752,-121.918217
1394,37.851766,-121.917985
1395,37.851728,-121.917866
1396,37.851674,-121.917755
1397,37.85161,-121.917603
1398,37.85154,-121.917389
1399,37.851547,-121.917157
1400,37.851576,-121.917081
1401,37.85158,-121.91694
1402,37.851523,-121.916703
1403,37.851444,-121.91649
1404,37.851421,-121.916417
1405,37.851415,-121.916402
1406,37.851383,-121.916341
1407,37.851252,-121.916206
1408,37.851101,-121.916075
1409,37.851056,-121.916018
1410,37.851038,-121.91599
1411,37.850978,-121.915902
1412,37.850964,-121.915667
1413,37.850998,-121.915524
1414,37.851017,-121.915498
1415,37.851013,-121.915514
1416,37.851001,-121.915501
1417,37.850979,-121.915477
1418,37.850971,-121.915258
1419,37.850852,-121.915067
1420,37.850798,-121.914984
1421,37.850687,-121.914799
1422,37.850675,-121.914699
1423,37.850658,-121.914573
1424,37.850639,-121.914462
1425,37.850633,-121.914231
1426,37.850692,-121.91409
1427,37.850761,-121.914015
1428,37.850787,-121.913978
1429,37.8508,-121.913953
1430,37.850816,-121.913931
1431,37.850875,-121.913836
1432,37.850951,-121.913625
1433,37.85095,-121.913589
1434,37.85096,-121.913557
1435,37.851031,-121.913375
1436,37.85104,-121.913243
1437,37.851011,-121.913021
1438,37.851012,-121.913007
1439,37.851013,-121.912978
1440,37.851009,-121.912907
1441,37.851031,-121.912772
1442,37.851018,-121.912705
1443,37.851,-121.912566
1444,37.851034,-121.912334
1445,37.851068,-121.912217
1446,37.851057,-121.912069
1447,37.851058,-121.911969
1448,37.851008,-121.911826
1449,37.850985,-121.911762
1450,37.850991,-121.911733
1451,37.851042,-121.911507
1452,37.851159,-121.911308
1453,37.851206,-121.911227
1454,37.851245,-121.911091
1455,37.851257,-121.910965
1456,37.851263,-121.910751
1457,37.851286,-121.910636
1458,37.851301,-121.910581
1459,37.85134,-121.910443
1460,37.851367,-121.910351
1461,37.851399,-121.910273
1462,37.851498,-121.910128
1463,37.851554,-121.91007
1464,37.851654,-121.909974
1465,37.851674,-121.909927
1466,37.851701,-121.909888
1467,37.85184,-121.909751
1468,37.851892,-121.909623
1469,37.851905,-121.909569
1470,37.851939,-121.909428
1471,37.851939,-121.909411
1472,37.851955,-121.909325
1473,37.851969,-121.909295
1474,37.852072,-121.909091
1475,37.852133,-121.908914
1476,37.852222,-121.908762
1477,37.852277,-121.908704
1478,37.852356,-121.908573
1479,37.852387,-121.908506
1480,37.852444,-121.908333
1481,37.852568,-121.908217
1482,37.852585,-121.908171
1483,37.85268,-121.907973
1484,37.852687,-121.907963
1485,37.852723,-121.907896
1486,37.852741,-121.907874
1487,37.852807,-121.90783
1488,37.85286,-121.907788
1489,37.8529,-121.907721
1490,37.85294,-121.907657
1491,37.853005,-121.907624
1492,37.853055,-121.907602
1493,37.853158,-121.907403
1494,37.853242,-121.907292
1495,37.853259,-121.907277
1496,37.853281,-121.907254
1497,37.853324,-121.907187
1498,37.853479,-121.907066
1499,37.853497,-121.907044
1500,37.85358,-121.906941
1501,37.853738,-121.906896
1502,37.853843,-121.906895
1503,37.854037,-121.906894
1504,37.854212,-121.906806
1505,37.854394,-121.906756
1506,37.854583,-121.906741
1507,37.854762,-121.90678
1508,37.854933,-121.906871
1509,37.855079,-121.907025
1510,37.85526,-121.90711
1511,37.85544,-121.907182
1512,37.855604,-121.907292
1513,37.855771,-121.907385
1514,37.85589,-121.907236
1515,37.856028,-121.90709
1516,37.856196,-121.907161
1517,37.856239,-121.907337
1518,37.8562,-121.907493
1519,37.856195,-121.907509
1520,37.856136,-121.907734
1521,37.856096,-121.907964
1522,37.856085,-121.908195
1523,37.856072,-121.908428
1524,37.856028,-121.908657
1525,37.856004,-121.908727
1526,37.855953,-121.908948
1527,37.855918,-121.909099
1528,37.855911,-121.909132
1529,37.855906,-121.909155
1530,37.85584,-121.909269
1531,37.855799,-121.909392
1532,37.855794,-121.909403
1533,37.855773,-121.909473
1534,37.85571,-121.909694
1535,37.855651,-121.909913
1536,37.85557,-121.910129
1537,37.855473,-121.91031
1538,37.855341,-121.91047
1539,37.855191,-121.910604
1540,37.855051,-121.910749
1541,37.854893,-121.910873
1542,37.854729,-121.910972
1543,37.854552,-121.911047
1544,37.854376,-121.911138
1545,37.854435,-121.911238
1546,37.854555,-121.911418
1547,37.854705,-121.911549
1548,37.854852,-121.911699
1549,37.854971,-121.911886
1550,37.855053,-121.912096
1551,37.855071,-121.912331
1552,37.855111,-121.912528
1553,37.855107,-121.912529
1554,37.855109,-121.912527
1555,37.855282,-121.912543
1556,37.855458,-121.912471
1557,37.85564,-121.912402
1558,37.855817,-121.912349
1559,37.855968,-121.91247
1560,37.856135,-121.912531
1561,37.856316,-121.912524
1562,37.856506,-121.912502
1563,37.85668,-121.912404
1564,37.856748,-121.912321
1565,37.856794,-121.912274
1566,37.856922,-121.912209
1567,37.857024,-121.912206
1568,37.857062,-121.912226
1569,37.857244,-121.912289
1570,37.857294,-121.912277
1571,37.857484,-121.912229
1572,37.857523,-121.912221
1573,37.857593,-121.912232
1574,37.857633,-121.912248
1575,37.857666,-121.912268
1576,37.857696,-121.912299
1577,37.857852,-121.912419
1578,37.858031,-121.912468
1579,37.858215,-121.912444
1580,37.858398,-121.912427
1581,37.858582,-121.912438
1582,37.858764,-121.912446
1583,37.858937,-121.912374
1584,37.85909,-121.912238
1585,37.85924,-121.912087
1586,37.859257,-121.912067
1587,37.859345,-121.911927
1588,37.859384,-121.911857
1589,37.8594,-121.911792
1590,37.859403,-121.911746
1591,37.859399,-121.91159
1592,37.859361,-121.911519
1593,37.859211,-121.91139
1594,37.859143,-121.911173
1595,37.85914,-121.91112
1596,37.859147,-121.911002
1597,37.859125,-121.910775
1598,37.859097,-121.910549
1599,37.859154,-121.910327
1600,37.859315,-121.910193
1601,37.859459,-121.910057
1602,37.859484,-121.909821
1603,37.859558,-121.9096
1604,37.859656,-121.909407
1605,37.859736,-121.909196
1606,37.859725,-121.90896
1607,37.859632,-121.908754
1608,37.859532,-121.908564
1609,37.859473,-121.908337
1610,37.85939,-121.908131
1611,37.859368,-121.907906
1612,37.859503,-121.907788
1613,37.859642,-121.90793
1614,37.859765,-121.908103
1615,37.859894,-121.908262
1616,37.860035,-121.908396
1617,37.86023,-121.908388
1618,37.860386,-121.90827
1619,37.860535,-121.908143
1620,37.860641,-121.907944
1621,37.860734,-121.907747
1622,37.860817,-121.90754
1623,37.860839,-121.907453
1624,37.860899,-121.90724
1625,37.860955,-121.907017
1626,37.860994,-121.906779
1627,37.861064,-121.906553
1628,37.861175,-121.906376
1629,37.861367,-121.906415
1630,37.861536,-121.906496
1631,37.861723,-121.906556
1632,37.861912,-121.906584
1633,37.862091,-121.906608
1634,37.862283,-121.906568
1635,37.862454,-121.906491
1636,37.862615,-121.906378
1637,37.862786,-121.906291
1638,37.862965,-121.906216
1639,37.863143,-121.906136
1640,37.863288,-121.905986
1641,37.863339,-121.90594
1642,37.863444,-121.90584
1643,37.863452,-121.905829
1644,37.863563,-121.905719
1645,37.863588,-121.905666
1646,37.863665,-121.90546
1647,37.863745,-121.90537
1648,37.863928,-121.905326
1649,37.864037,-121.905263
1650,37.864083,-121.905233
1651,37.864096,-121.905102
1652,37.864036,-121.905081
1653,37.864123,-121.904867
1654,37.864189,-121.904643
1655,37.864233,-121.90443
1656,37.864256,-121.904333
1657,37.864254,-121.904232
1658,37.864268,-121.904005
1659,37.864292,-121.903892
1660,37.86431,-121.903789
1661,37.864329,-121.903626
1662,37.864354,-121.903502
1663,37.864371,-121.903438
1664,37.864382,-121.9034
1665,37.864401,-121.903316
1666,37.86446,-121.903094
1667,37.864535,-121.902871
1668,37.864544,-121.902635
1669,37.864554,-121.902526
1670,37.864562,-121.902433
1671,37.864555,-121.902327
1672,37.864498,-121.902093
1673,37.864503,-121.902034
1674,37.864517,-121.901811
1675,37.864497,-121.901716
1676,37.864417,-121.901507
1677,37.864306,-121.901319
1678,37.864165,-121.901161
1679,37.864134,-121.901073
1680,37.864074,-121.900848
1681,37.864066,-121.900764
1682,37.86406,-121.900691
1683,37.864032,-121.900463
1684,37.864007,-121.900346
1685,37.86399,-121.900294
1686,37.863893,-121.900093
1687,37.86379,-121.899901
1688,37.863668,-121.899724
1689,37.863607,-121.899499
1690,37.863668,-121.899273
1691,37.863794,-121.899093
1692,37.863914,-121.898896
1693,37.863987,-121.898678
1694,37.864093,-121.898494
1695,37.864273,-121.898442
1696,37.864443,-121.898539
1697,37.864485,-121.898608
1698,37.864567,-121.898584
1699,37.864703,-121.898435
1700,37.864748,-121.898206
1701,37.864794,-121.897982
1702,37.86483,-121.89795
1703,37.86501,-121.897963
1704,37.865161,-121.898074
1705,37.86533,-121.898163
1706,37.865366,-121.898152
1707,37.865482,-121.898086
1708,37.865659,-121.897993
1709,37.865833,-121.89793
1710,37.866008,-121.897866
1711,37.866185,-121.897814
1712,37.866309,-121.89762
1713,37.86634,-121.897593
1714,37.866492,-121.897469
1715,37.866676,-121.897454
1716,37.866842,-121.897536
1717,37.86698,-121.897599
1718,37.866987,-121.897605
1719,37.86707,-121.897538
1720,37.867074,-121.897467
1721,37.866896,-121.897493
1722,37.86686,-121.897494
1723,37.866774,-121.897437
1724,37.866593,-121.897378
1725,37.866412,-121.897464
1726,37.866301,-121.897617
1727,37.866182,-121.89776
1728,37.866164,-121.897774
1729,37.866046,-121.897811
1730,37.865892,-121.897855
1731,37.865702,-121.897912
1732,37.86553,-121.898004
1733,37.86542,-121.898134
1734,37.865331,-121.898137
1735,37.865172,-121.898025
1736,37.864996,-121.897955
1737,37.86481,-121.897942
1738,37.864693,-121.8981
1739,37.864676,-121.898328
1740,37.864594,-121.898527
1741,37.864533,-121.898736
1742,37.864532,-121.898753
1743,37.864531,-121.898811
1744,37.864519,-121.899
1745,37.864508,-121.899051
1746,37.864524,-121.899278
1747,37.864519,-121.899337
1748,37.864557,-121.899412
1749,37.864599,-121.899491
1750,37.864651,-121.899541
1751,37.864797,-121.899685
1752,37.86495,-121.89981
1753,37.865079,-121.899973
1754,37.865255,-121.900004
1755,37.865424,-121.899928
1756,37.865594,-121.899867
1757,37.865768,-121.899815
1758,37.865949,-121.899811
1759,37.866078,-121.899824
1760,37.866149,-121.899842
1761,37.86616,-121.899842
1762,37.866193,-121.899842
1763,37.866354,-121.899953
1764,37.866499,-121.900085
1765,37.866638,-121.900223
1766,37.866771,-121.900378
1767,37.866933,-121.900493
1768,37.867029,-121.900686
1769,37.867127,-121.900888
1770,37.867135,-121.90113
1771,37.867138,-121.901162
1772,37.867137,-121.901224
1773,37.867144,-121.90146
1774,37.867229,-121.901658
1775,37.867301,-121.901867
1776,37.867309,-121.901895
1777,37.867311,-121.901952
1778,37.867321,-121.902013
1779,37.867328,-121.90208
1780,37.867341,-121.902168
1781,37.86737,-121.902399
1782,37.867378,-121.90253
1783,37.867377,-121.902677
1784,37.867379,-121.902687
1785,37.867371,-121.902757
1786,37.867371,-121.902773
1787,37.867408,-121.902998
1788,37.867481,-121.903198
1789,37.867576,-121.903393
1790,37.86767,-121.903594
1791,37.867655,-121.903792
1792,37.867654,-121.903811
1793,37.867626,-121.904042
1794,37.867616,-121.904148
1795,37.86761,-121.904251
1796,37.867665,-121.904473
1797,37.867688,-121.904625
1798,37.867752,-121.904852
1799,37.867812,-121.905077
1800,37.867916,-121.905283
1801,37.86807,-121.905417
1802,37.868206,-121.905569
1803,37.868284,-121.905674
1804,37.868356,-121.905776
1805,37.868481,-121.905945
1806,37.868565,-121.906154
1807,37.868629,-121.906366
1808,37.868737,-121.906555
1809,37.86891,-121.90664
1810,37.8691,-121.906648
1811,37.86928,-121.906644
1812,37.869466,-121.906635
1813,37.869649,-121.906629
1814,37.869809,-121.906716
1815,37.869837,-121.906731
1816,37.869835,-121.906958
1817,37.869831,-121.906989
1818,37.869842,-121.907222
1819,37.869846,-121.907271
1820,37.869831,-121.907508
1821,37.869801,-121.907738
1822,37.869781,-121.907971
1823,37.86977,-121.908207
1824,37.869842,-121.908424
1825,37.869858,-121.908451
1826,37.869873,-121.908476
1827,37.869894,-121.908578
1828,37.86996,-121.908692
1829,37.869953,-121.908738
1830,37.869928,-121.908776
1831,37.869753,-121.908834
1832,37.869579,-121.908845
1833,37.869404,-121.908938
1834,37.869227,-121.908987
1835,37.869047,-121.908929
1836,37.868866,-121.908851
1837,37.868679,-121.908861
1838,37.868565,-121.909013
1839,37.868608,-121.909243
1840,37.868695,-121.909456
1841,37.86877,-121.909602
1842,37.868842,-121.909815
1843,37.86883,-121.910051
1844,37.868823,-121.910082
1845,37.868757,-121.910293
1846,37.868686,-121.910504
1847,37.868689,-121.910719
1848,37.868836,-121.910832
1849,37.869012,-121.910773
1850,37.869168,-121.910656
1851,37.869343,-121.910575
1852,37.869509,-121.910491
1853,37.869693,-121.910509
1854,37.869874,-121.910523
1855,37.870054,-121.910538
1856,37.870233,-121.910502
1857,37.870422,-121.910508
1858,37.870547,-121.910668
1859,37.870637,-121.910878
1860,37.870736,-121.911074
1861,37.870693,-121.911177
1862,37.870532,-121.911212
1863,37.870482,-121.911231
1864,37.870446,-121.911236
1865,37.870262,-121.911212
1866,37.870214,-121.91121
1867,37.870376,-121.911215
1868,37.870548,-121.911278
1869,37.870651,-121.911365
1870,37.870756,-121.911418
1871,37.870773,-121.911411
1872,37.870753,-121.911426
1873,37.870733,-121.911453
1874,37.870818,-121.911548
1875,37.870846,-121.911577
1876,37.871016,-121.911656
1877,37.871081,-121.911566
1878,37.871187,-121.911411
1879,37.871373,-121.911429
1880,37.871352,-121.911646
1881,37.871334,-121.911714
1882,37.87137,-121.911943
1883,37.871402,-121.912006
1884,37.871415,-121.912037
1885,37.871305,-121.912201
1886,37.871182,-121.912381
1887,37.871178,-121.912395
1888,37.871148,-121.912623
1889,37.871144,-121.912854
1890,37.871137,-121.913092
1891,37.87111,-121.913323
1892,37.871078,-121.913548
1893,37.870998,-121.913752
1894,37.870942,-121.913973
1895,37.87092,-121.914201
1896,37.870871,-121.914426
1897,37.870889,-121.914662
1898,37.870914,-121.914705
1899,37.87109,-121.914778
1900,37.871284,-121.914772
1901,37.871374,-121.91478
1902,37.871558,-121.914844
1903,37.871738,-121.914884
1904,37.871787,-121.914904
1905,37.87183,-121.91508
1906,37.871731,-121.915267
1907,37.871671,-121.915481
1908,37.871665,-121.915502
1909,37.871559,-121.9157
1910,37.871449,-121.91589
1911,37.871288,-121.915996
1912,37.871285,-121.916201
1913,37.871452,-121.916275
1914,37.871502,-121.916286
1915,37.871595,-121.91629
1916,37.871734,-121.916316
1917,37.871745,-121.91633
1918,37.871865,-121.916328
1919,37.871987,-121.916486
1920,37.872023,-121.916578
1921,37.872026,-121.916607
1922,37.872017,-121.916661
1923,37.872002,-121.916703
1924,37.871847,-121.916818
1925,37.871687,-121.916927
1926,37.871674,-121.916969
1927,37.871678,-121.917091
1928,37.871674,-121.917102
1929,37.871666,-121.917104
1930,37.871675,-121.917118
1931,37.871677,-121.917123
1932,37.871679,-121.917352
1933,37.871719,-121.917574
1934,37.871738,-121.917705
1935,37.871681,-121.917718
1936,37.871532,-121.91759
1937,37.871369,-121.917489
1938,37.871293,-121.917492
1939,37.871102,-121.917439
1940,37.870971,-121.917454
1941,37.870817,-121.91757
1942,37.870732,-121.91772
1943,37.87068,-121.917932
1944,37.870652,-121.917942
1945,37.870547,-121.917963
1946,37.870513,-121.917977
1947,37.870439,-121.918192
1948,37.870453,-121.91833
1949,37.870472,-121.91845
1950,37.870496,-121.918587
1951,37.870563,-121.91866
1952,37.870695,-121.918808
1953,37.870536,-121.918928
1954,37.870368,-121.919028
1955,37.870315,-121.91922
1956,37.870426,-121.919403
1957,37.870447,-121.91943
1958,37.870538,-121.91958
1959,37.870652,-121.919773
1960,37.870769,-121.919957
1961,37.870804,-121.920013
1962,37.870837,-121.920082
1963,37.870835,-121.920207
1964,37.870848,-121.920278
1965,37.870882,-121.920338
1966,37.870888,-121.920415
1967,37.870832,-121.920524
1968,37.870792,-121.920541
1969,37.870618,-121.920601
1970,37.8706,-121.920622
1971,37.870553,-121.920714
1972,37.870549,-121.920729
1973,37.870545,-121.920766
1974,37.870596,-121.920833
1975,37.870746,-121.920973
1976,37.870755,-121.920984
1977,37.870712,-121.921089
1978,37.87066,-121.921098
1979,37.870509,-121.921219
1980,37.870496,-121.921447
1981,37.870498,-121.921545
1982,37.870464,-121.921763
1983,37.870384,-121.921968
1984,37.870324,-121.922011
1985,37.87028,-121.922043
1986,37.87018,-121.922114
1987,37.870138,-121.922183
1988,37.870131,-121.92221
1989,37.870124,-121.922278
1990,37.870124,-121.922336
1991,37.870116,-121.922464
1992,37.870123,-121.922526
1993,37.870144,-121.922656
1994,37.870118,-121.922888
1995,37.870055,-121.9231
1996,37.870058,-121.923111
1997,37.870076,-121.923339
1998,37.870145,-121.923554
1999,37.870166,-121.923677
2000,37.870267,-121.92386
2001,37.870346,-121.92408
2002,37.87044,-121.92428
2003,37.870575,-121.924433
2004,37.870622,-121.924474
2005,37.870612,-121.924524
2006,37.870423,-121.924571
2007,37.870316,-121.924553
2008,37.870259,-121.924549
2009,37.870234,-121.924544
2010,37.870057,-121.924517
2011,37.869902,-121.92465
2012,37.8698,-121.924764
2013,37.86967,-121.92482
2014,37.869525,-121.924688
2015,37.869357,-121.924593
2016,37.869317,-121.924527
2017,37.869388,-121.924622
2018,37.869405,-121.924642
2019,37.869406,-121.924702
2020,37.86958,-121.924808
2021,37.869597,-121.924823
2022,37.869638,-121.924851
2023,37.869718,-121.924993
2024,37.869829,-121.924949
2025,37.870008,-121.92491
2026,37.870047,-121.924923
2027,37.870221,-121.925004
2028,37.870404,-121.925062
2029,37.870589,-121.925085
2030,37.870741,-121.925213
2031,37.870889,-121.925354
2032,37.871022,-121.925447
2033,37.871107,-121.925512
2034,37.871288,-121.925558
2035,37.871318,-121.925602
2036,37.871346,-121.925837
2037,37.871314,-121.926002
2038,37.871238,-121.926221
2039,37.871106,-121.926383
2040,37.870929,-121.926405
2041,37.870763,-121.926318
2042,37.870607,-121.926184
2043,37.870428,-121.926096
2044,37.870415,-121.926092
2045,37.870237,-121.926127
2046,37.870078,-121.926253
2047,37.869912,-121.926335
2048,37.869723,-121.926358
2049,37.869531,-121.926347
2050,37.86934,-121.926375
2051,37.869163,-121.926411
2052,37.869139,-121.926421
2053,37.868967,-121.926483
2054,37.86879,-121.926477
2055,37.868612,-121.926479
2056,37.868491,-121.926433
2057,37.86843,-121.926422
2058,37.868246,-121.926403
2059,37.868067,-121.926443
2060,37.867894,-121.926542
2061,37.86778,-121.926716
2062,37.86774,-121.926952
2063,37.867714,-121.927099
2064,37.867694,-121.927334
2065,37.867699,-121.927565
2066,37.867639,-121.927767
2067,37.867477,-121.927862
2068,37.867454,-121.927885
2069,37.867405,-121.927949
2070,37.867381,-121.928016
2071,37.867227,-121.928152
2072,37.867071,-121.92829
2073,37.866967,-121.928417
2074,37.866937,-121.928476
2075,37.866845,-121.928675
2076,37.866779,-121.928898
2077,37.866728,-121.929127
2078,37.866647,-121.929328
2079,37.866544,-121.929525
2080,37.866391,-121.929636
2081,37.866333,-121.929633
2082,37.866155,-121.929577
2083,37.865987,-121.929683
2084,37.865962,-121.929678
2085,37.865814,-121.929603
2086,37.865648,-121.929686
2087,37.865535,-121.929867
2088,37.865401,-121.930019
2089,37.8653,-121.930082
2090,37.865229,-121.930082
2091,37.865042,-121.930021
2092,37.864865,-121.929994
2093,37.864773,-121.930037
2094,37.864598,-121.930118
2095,37.864429,-121.930204
2096,37.864282,-121.930357
2097,37.86421,-121.930576
2098,37.86418,-121.930638
2099,37.86416,-121.930707
2100,37.864132,-121.930766
2101,37.864105,-121.930824
2102,37.864036,-121.930969
2103,37.864023,-121.931053
2104,37.864016,-121.931071
2105,37.863989,-121.931134
2106,37.863999,-121.931254
2107,37.863976,-121.931443
2108,37.863912,-121.931675
2109,37.863835,-121.931891
2110,37.863742,-121.93204
2111,37.863574,-121.932118
2112,37.863478,-121.932149
2113,37.863405,-121.932149
2114,37.863247,-121.932143
2115,37.863195,-121.932136
2116,37.863012,-121.932103
2117,37.862982,-121.932093
2118,37.862879,-121.932068
2119,37.862701,-121.932119
2120,37.862534,-121.932221
2121,37.862492,-121.932228
2122,37.862432,-121.932232
2123,37.862261,-121.932307
2124,37.862111,-121.932422
2125,37.862009,-121.932495
2126,37.861959,-121.932508
2127,37.861862,-121.932553
2128,37.861782,-121.932598
2129,37.861687,-121.932653
2130,37.861534,-121.932792
2131,37.861406,-121.932962
2132,37.861281,-121.93313
2133,37.861214,-121.933353
2134,37.861133,-121.933554
2135,37.860975,-121.93368
2136,37.860807,-121.933779
2137,37.860634,-121.933862
2138,37.860519,-121.933925
2139,37.860478,-121.933963
2140,37.860311,-121.934064
2141,37.860137,-121.934128
2142,37.859953,-121.934203
2143,37.859785,-121.93431
2144,37.859612,-121.93442
2145,37.859453,-121.934526
2146,37.859295,-121.934649
2147,37.859147,-121.934801
2148,37.859007,-121.934957
2149,37.858871,-121.935127
2150,37.858779,-121.935209
2151,37.858631,-121.935369
2152,37.858468,-121.935484
2153,37.858333,-121.935655
2154,37.858316,-121.935686
2155,37.858183,-121.935837
2156,37.85801,-121.935942
2157,37.85783,-121.936007
2158,37.85765,-121.936018
2159,37.857527,-121.935994
2160,37.857348,-121.935928
2161,37.857205,-121.935787
2162,37.857094,-121.935607
2163,37.856971,-121.935423
2164,37.856852,-121.935233
2165,37.856709,-121.935073
2166,37.856542,-121.934981
2167,37.856377,-121.934882
2168,37.856197,-121.934864
2169,37.85603,-121.934782
2170,37.855932,-121.934585
2171,37.855896,-121.934363
2172,37.85589,-121.934347
2173,37.855839,-121.93424
2174,37.855794,-121.934164
2175,37.855669,-121.934
2176,37.855486,-121.933918
2177,37.855316,-121.933825
2178,37.855309,-121.933815
2179,37.85524,-121.933597
2180,37.855235,-121.933543
2181,37.85523,-121.933455
2182,37.855189,-121.933331
2183,37.85512,-121.933114
2184,37.855015,-121.932922
2185,37.854969,-121.932884
2186,37.854886,-121.932685
2187,37.854871,-121.932659
2188,37.854759,-121.932495
2189,37.854622,-121.932347
2190,37.854611,-121.932333
2191,37.854512,-121.932127
2192,37.854433,-121.931911
2193,37.854356,-121.931693
2194,37.85425,-121.931526
2195,37.854187,-121.93144
2196,37.854105,-121.931356
2197,37.85406,-121.931312
2198,37.853908,-121.93116
2199,37.853745,-121.931055
2200,37.853582,-121.930952
2201,37.853423,-121.930841
2202,37.853294,-121.930678
2203,37.853203,-121.930475
2204,37.853109,-121.930273
2205,37.853007,-121.93008
2206,37.85292,-121.929875
2207,37.852858,-121.929689
2208,37.852784,-121.929472
2209,37.852724,-121.929249
2210,37.852678,-121.929021
2211,37.852674,-121.928792
2212,37.852671,-121.92873
2213,37.852639,-121.928496
2214,37.852609,-121.928256
2215,37.852586,-121.928017
2216,37.852558,-121.927775
2217,37.852496,-121.927545
2218,37.852449,-121.927322
2219,37.852405,-121.927101
2220,37.852389,-121.92703
2221,37.852448,-121.926806
2222,37.852466,-121.926569
2223,37.852425,-121.92634
2224,37.852355,-121.926129
2225,37.852298,-121.925912
2226,37.852221,-121.925778
